{"cameraMode":{"drawMode":0,"name":"Shaded","section":"Shading Mode"},"sceneLighting":false,"audioPlay":false,"sceneViewState":{"showFog":true,"showMaterialUpdate":false,"showSkybox":false,"showFlares":true,"showImageEffects":true,"showParticleSystems":true,"showVisualEffectGraphs":true,"m_FxEnabled":true},"in2DMode":false,"pivot":{"x":0.026992417871952058,"y":-0.05312623083591461,"z":-0.02699241042137146},"rotation":{"x":-0.16843412816524507,"y":0.19839894771575929,"z":-0.03462248668074608,"w":-0.9649470448493958},"size":0.4606972336769104,"orthographic":false}